{"cameraMode":{"drawMode":0,"name":"Shaded","section":"Shading Mode"},"sceneLighting":true,"audioPlay":false,"sceneViewState":{"m_AlwaysRefresh":false,"showFog":true,"showSkybox":true,"showFlares":true,"showImageEffects":true,"showParticleSystems":true,"showVisualEffectGraphs":true,"m_FxEnabled":true},"in2DMode":false,"pivot":{"x":-1.2228813171386719,"y":-2.991410255432129,"z":6.669523239135742},"rotation":{"x":-0.16156671941280366,"y":0.019831493496894838,"z":-0.0032476745545864107,"w":-0.9866551756858826},"size":14.2210054397583,"orthographic":false}